course_id,day,start_time,end_time,room
C001,Monday,09:00,11:00,Room 101
C002,Tuesday,09:00,11:00,Room 101
C003,Wednesday,09:00,11:00,Room 102
C004,Monday,11:00,13:00,Room 103
C005,Monday,09:00,11:00,Room 104
C006,Thursday,09:00,11:00,Room 104
C007,Tuesday,11:00,13:00,Room 105
C008,Wednesday,11:00,13:00,Room 105
C009,Friday,09:00,11:00,Room 105
C010,Thursday,11:00,13:00,Room 106
C011,Monday,14:00,16:00,Room 201
C012,Tuesday,14:00,16:00,Room 201
C013,Monday,14:00,16:00,Room 202
C014,Wednesday,14:00,16:00,Room 203
C015,Thursday,14:00,16:00,Room 203
C016,Friday,14:00,16:00,Room 203
C017,Tuesday,16:00,18:00,Room 204
C018,Monday,16:00,18:00,Room 205
C019,Wednesday,16:00,18:00,Room 205
C020,Thursday,16:00,18:00,Room 205
C021,Friday,16:00,18:00,Room 205
C022,Monday,09:00,11:00,Room 301
C023,Tuesday,09:00,11:00,Room 301
C024,Wednesday,09:00,11:00,Room 301
C025,Thursday,09:00,11:00,Room 301
C026,Friday,09:00,11:00,Room 302
C027,Monday,11:00,13:00,Room 302
C028,Tuesday,11:00,13:00,Room 302
C029,Wednesday,11:00,13:00,Room 302
C030,Thursday,11:00,13:00,Room 302
C031,Friday,11:00,13:00,Room 302
C032,Monday,13:00,14:00,Room 106
C033,Tuesday,13:00,14:00,Room 106
C034,Wednesday,13:00,14:00,Room 106
C035,Thursday,13:00,14:00,Room 106
C036,Friday,13:00,14:00,Room 106
C037,Monday,18:00,19:30,Room 107
C038,Tuesday,18:00,19:30,Room 107
